<?xml version="1.0" encoding="UTF-8"?>
<metadata xml:lang="en"><Esri><CreaDate>20120311</CreaDate><CreaTime>10390400</CreaTime><ArcGISFormat>1.0</ArcGISFormat><SyncOnce>FALSE</SyncOnce><DataProperties><lineage><Process ToolSource="C:\Program Files (x86)\ArcGIS\Desktop10.0\ArcToolbox\Toolboxes\Conversion Tools.tbx\PolygonToRaster" Date="20120311" Time="103904">PolygonToRaster Hydro100 OBJECTID "C:\Users\Brian's\Documents\GIS\SchoolProject\SurfaceDataBase.mdb\Hydro100Rast" CELL_CENTER NONE 0.0014</Process><Process ToolSource="C:\Program Files (x86)\ArcGIS\Desktop10.0\ArcToolbox\Toolboxes\Data Management Tools.tbx\CopyRaster" Date="20120311" Time="194026">CopyRaster \\EGRSHARES\Homes\rbh4\Desktop\Move\SchoolProject\SurfaceDataBase.mdb\Hydro100Rast Z:\GSP537\SurfaceLab\SurfaceDatabase.mdb\Hydro100Rast # # # NONE NONE #</Process></lineage><itemProps><itemName Sync="TRUE">Hydro100Rast</itemName><imsContentType Sync="TRUE">002</imsContentType><nativeExtBox><westBL Sync="TRUE">-118.639719</westBL><eastBL Sync="TRUE">-118.289719</eastBL><southBL Sync="TRUE">36.555559</southBL><northBL Sync="TRUE">37.174359</northBL><exTypeCode Sync="TRUE">1</exTypeCode></nativeExtBox><itemLocation><linkage Sync="TRUE">file://\\dana.ucc.nau.edu.\rbh4\GSP537\SurfaceLab\SurfaceDatabase.idb\c_2\r_1.img</linkage><protocol Sync="TRUE">Local Area Network</protocol></itemLocation><itemSize Sync="TRUE">0.028</itemSize></itemProps><coordRef><type Sync="TRUE">Geographic</type><geogcsn Sync="TRUE">GCS_WGS_1984</geogcsn><csUnits Sync="TRUE">Angular Unit: Degree (0.017453)</csUnits><peXml Sync="TRUE">&lt;GeographicCoordinateSystem xsi:type='typens:GeographicCoordinateSystem' xmlns:xsi='http://www.w3.org/2001/XMLSchema-instance' xmlns:xs='http://www.w3.org/2001/XMLSchema' xmlns:typens='http://www.esri.com/schemas/ArcGIS/10.0'&gt;&lt;WKT&gt;GEOGCS[&amp;quot;GCS_WGS_1984&amp;quot;,DATUM[&amp;quot;D_WGS_1984&amp;quot;,SPHEROID[&amp;quot;WGS_1984&amp;quot;,6378137.0,298.257223563]],PRIMEM[&amp;quot;Greenwich&amp;quot;,0.0],UNIT[&amp;quot;Degree&amp;quot;,0.0174532925199433]],VERTCS[&amp;quot;EGM96_Geoid&amp;quot;,VDATUM[&amp;quot;EGM96_Geoid&amp;quot;],PARAMETER[&amp;quot;Vertical_Shift&amp;quot;,0.0],PARAMETER[&amp;quot;Direction&amp;quot;,1.0],UNIT[&amp;quot;Meter&amp;quot;,1.0]]&lt;/WKT&gt;&lt;XOrigin&gt;-399.99999999999989&lt;/XOrigin&gt;&lt;YOrigin&gt;-399.99999999999989&lt;/YOrigin&gt;&lt;XYScale&gt;11258999068426.24&lt;/XYScale&gt;&lt;ZOrigin&gt;-100000&lt;/ZOrigin&gt;&lt;ZScale&gt;10000&lt;/ZScale&gt;&lt;MOrigin&gt;-100000&lt;/MOrigin&gt;&lt;MScale&gt;10000&lt;/MScale&gt;&lt;XYTolerance&gt;8.9831528411952133e-009&lt;/XYTolerance&gt;&lt;ZTolerance&gt;0.001&lt;/ZTolerance&gt;&lt;MTolerance&gt;0.001&lt;/MTolerance&gt;&lt;HighPrecision&gt;true&lt;/HighPrecision&gt;&lt;LeftLongitude&gt;-180&lt;/LeftLongitude&gt;&lt;WKID&gt;4326&lt;/WKID&gt;&lt;VCSWKID&gt;5773&lt;/VCSWKID&gt;&lt;/GeographicCoordinateSystem&gt;</peXml></coordRef></DataProperties><SyncDate>20120311</SyncDate><SyncTime>19402300</SyncTime><ModDate>20120311</ModDate><ModTime>19402300</ModTime></Esri><dataIdInfo><envirDesc Sync="TRUE">Microsoft Windows Server 2008 R2 Version 6.1 (Build 7601) Service Pack 1; ESRI ArcGIS 10.0.3.3600</envirDesc><dataLang><languageCode value="eng" Sync="TRUE"></languageCode><countryCode value="USA" Sync="TRUE"></countryCode></dataLang><idCitation><resTitle Sync="TRUE">Hydro100Rast</resTitle><presForm><PresFormCd value="005" Sync="TRUE"></PresFormCd></presForm></idCitation><spatRpType><SpatRepTypCd value="002" Sync="TRUE"></SpatRepTypCd></spatRpType><dataExt><geoEle><GeoBndBox esriExtentType="search"><exTypeCode Sync="TRUE">1</exTypeCode><westBL Sync="TRUE">-118.639719</westBL><eastBL Sync="TRUE">-118.289719</eastBL><northBL Sync="TRUE">37.174359</northBL><southBL Sync="TRUE">36.555559</southBL></GeoBndBox></geoEle></dataExt></dataIdInfo><mdLang><languageCode value="eng" Sync="TRUE"></languageCode><countryCode value="USA" Sync="TRUE"></countryCode></mdLang><mdChar><CharSetCd value="004" Sync="TRUE"></CharSetCd></mdChar><distInfo><distFormat><formatName Sync="TRUE">Personal GeoDatabase Raster Dataset</formatName></distFormat><distTranOps><transSize Sync="TRUE">0.028</transSize></distTranOps></distInfo><mdHrLv><ScopeCd value="005" Sync="TRUE"></ScopeCd></mdHrLv><mdHrLvName Sync="TRUE">dataset</mdHrLvName><refSysInfo><RefSystem><refSysID><identCode code="0" Sync="TRUE"></identCode></refSysID></RefSystem></refSysInfo><spdoinfo><rastinfo><rasttype Sync="TRUE">Pixel</rasttype><rowcount Sync="TRUE">442</rowcount><colcount Sync="TRUE">250</colcount><rastxsz Sync="TRUE">0.001400</rastxsz><rastysz Sync="TRUE">0.001400</rastysz><rastbpp Sync="TRUE">8</rastbpp><vrtcount Sync="TRUE">1</vrtcount><rastorig Sync="TRUE">Upper Left</rastorig><rastcmap Sync="TRUE">FALSE</rastcmap><rastcomp Sync="TRUE">RLE</rastcomp><rastband Sync="TRUE">1</rastband><rastdtyp Sync="TRUE">pixel codes</rastdtyp><rastplyr Sync="TRUE">TRUE</rastplyr><rastifor Sync="TRUE">IMAGINE Image</rastifor></rastinfo></spdoinfo><spref><horizsys><planar><planci><plance Sync="TRUE">row and column</plance><coordrep><absres Sync="TRUE">0.001400</absres><ordres Sync="TRUE">0.001400</ordres></coordrep></planci></planar></horizsys></spref><mdDateSt Sync="TRUE">20120311</mdDateSt></metadata>
