<?xml version="1.0" encoding="UTF-8"?>
<metadata xml:lang="en"><Esri><CreaDate>20120205</CreaDate><CreaTime>22154200</CreaTime><ArcGISFormat>1.0</ArcGISFormat><SyncOnce>TRUE</SyncOnce><DataProperties><itemProps><itemLocation><linkage Sync="TRUE">file://\\WREN-PC\L\Generalization\Fmpo_city</linkage><protocol Sync="TRUE">Local Area Network</protocol></itemLocation></itemProps><copyHistory><copy source="L:\Fmpo_city" dest="\\WREN-PC\L\Generalization\Fmpo_city" date="20120205" time="22154200"></copy></copyHistory></DataProperties></Esri></metadata>
