<PAMDataset>
  <Metadata/>
  <Metadata domain="ESRI">
    <MDI key="PyramidResamplingType">NEAREST</MDI>
  </Metadata>
  <PAMRasterBand band="1">
    <Histograms>
      <HistItem>
        <HistMin>-0.5</HistMin>
        <HistMax>255.5</HistMax>
        <BucketCount>256</BucketCount>
        <IncludeOutOfRange>1</IncludeOutOfRange>
        <Approximate>0</Approximate>
        <HistCounts>0|4646555|454485|366393|0|0|0|0|0|0|0|0|0|0|0|0|0|0|0|0|0|0|0|0|0|0|0|0|0|0|0|0|0|0|0|0|0|0|0|0|0|0|0|0|0|0|0|0|0|0|0|0|0|0|0|0|0|0|0|0|0|0|0|0|0|0|0|0|0|0|0|0|0|0|0|0|0|0|0|0|0|0|0|0|0|0|0|0|0|0|0|0|0|0|0|0|0|0|0|0|0|0|0|0|0|0|0|0|0|0|0|0|0|0|0|0|0|0|0|0|0|0|0|0|0|0|0|0|0|0|0|0|0|0|0|0|0|0|0|0|0|0|0|0|0|0|0|0|0|0|0|0|0|0|0|0|0|0|0|0|0|0|0|0|0|0|0|0|0|0|0|0|0|0|0|0|0|0|0|0|0|0|0|0|0|0|0|0|0|0|0|0|0|0|0|0|0|0|0|0|0|0|0|0|0|0|0|0|0|0|0|0|0|0|0|0|0|0|0|0|0|0|0|0|0|0|0|0|0|0|0|0|0|0|0|0|0|0|0|0|0|0|0|0|0|0|0|0|0|0|0|0|0|0|0|0</HistCounts>
      </HistItem>
    </Histograms>
    <GDALRasterAttributeTable>
      <FieldDefn index="0">
        <Name>Rowid</Name>
        <Type>0</Type>
        <Usage>0</Usage>
      </FieldDefn>
      <FieldDefn index="1">
        <Name>VALUE</Name>
        <Type>0</Type>
        <Usage>0</Usage>
      </FieldDefn>
      <FieldDefn index="2">
        <Name>COUNT</Name>
        <Type>0</Type>
        <Usage>0</Usage>
      </FieldDefn>
      <Row index="0">
        <F>0</F>
        <F>1</F>
        <F>4646555</F>
      </Row>
      <Row index="1">
        <F>1</F>
        <F>2</F>
        <F>454485</F>
      </Row>
      <Row index="2">
        <F>2</F>
        <F>3</F>
        <F>366393</F>
      </Row>
    </GDALRasterAttributeTable>
    <Metadata>
      <MDI key="STATISTICS_MINIMUM">1</MDI>
      <MDI key="STATISTICS_MAXIMUM">3</MDI>
      <MDI key="STATISTICS_MEAN">1.2171532783301</MDI>
      <MDI key="STATISTICS_STDDEV">0.55138481916151</MDI>
    </Metadata>
  </PAMRasterBand>
</PAMDataset>
