<?xml version="1.0" encoding="UTF-8"?>
<metadata xml:lang="en"><Esri><CreaDate>20120205</CreaDate><CreaTime>22151700</CreaTime><ArcGISFormat>1.0</ArcGISFormat><SyncOnce>TRUE</SyncOnce><DataProperties><itemProps><itemLocation><linkage Sync="TRUE">file://\\WREN-PC\L\Generalization\fmpo_pdrange.tif</linkage><protocol Sync="TRUE">Local Area Network</protocol></itemLocation></itemProps><copyHistory><copy source="L:\fmpo_pdrange.tif" dest="\\WREN-PC\L\Generalization\fmpo_pdrange.tif" date="20120205" time="22151700"></copy></copyHistory></DataProperties></Esri></metadata>
